name.draftkings,name.pga
Zecheng Dou,Zecheng Dou
Borja Virto Astudillo,Borja Virto Astudillo
Tom Lewis,Tom Lewis
Sam Saunders,Sam Saunders
Jack Maguire,Jack Maguire
Wyndham Clark,Wyndham Clark
Yosuke Asaji,Yosuke Asaji
Mason Williams,Mark Williams
Rhys West,Rhys West
Brad Fritsch,Brad Fritsch
J.J. Henry,J.J. Henry
Ken Duke,Ken Duke
Sam Ryder,Sam Ryder
Ryan Sullivan,Andy Sullivan
Jamie Lovemark,Jamie Lovemark
Chad Campbell,Chad Campbell
Fredrik Jacobson,Freddie Jacobson
Braden Thornberry,Braden Thornberry
Sam Horsfield,Sam Horsfield
Andrew Novak,Andrew Novak
Kazuki Higa,Kazuki Higa
Garrett Rank,Brett Rankin
Adam Schenk,Adam Schenk
Jack Senior,Jack Senior
Dominic Bozzelli,Dominic Bozzelli
Shawn Stefani,Shawn Stefani
Matthew Griffin,Matthew Griffin
Neil Johnson,Dustin Johnson
Nathan Kimsey,Nathan Kimsey
Natipong Srithong,Netipong Sritonginn
Ben Willman,Ben Polland
Kyoung-Hoon Lee,Kyoung-Hoon Lee
Robert Rock,Robert Rock
Michael Gellerman,Michael Gellerman
Zac Blair,Zac Blair
Gunn Charoenkul,Gunn Charoenkul
Joakim Lagergren,Joakim Lagergren
Thorbjorn Olesen,Thorbjørn Olesen
Peter Uihlein,Peter Uihlein
Sam Brazel,Sam Brazel
Adam Long,Adam Long
Bradley Dredge,Bradley Dredge
Romain Wattel,Romain Wattel
Seung-yul Noh,Seung-yul Noh
Tiger Woods,Tiger Woods
Shintaro Ban,Shintaro Kobayashi
Haydn Porteous,Haydn Porteous
Matthew Southgate,Matthew Southgate
Maximilian Kieffer,Maximilian Kieffer
Matt Jones,Matt Jones
Wade Binfield,Wade Binfield
Billy Horschel,Billy Horschel
Graham DeLaet,Graham DeLaet
Isidro Benitez,Isidro Benitez
Christian Brand,Christian Brand
Ben Crancer,Ben Crane
Calum Hill,Calum Hill
Louis Oosthuizen,Louis Oosthuizen
Ryan Brehm,Ryan Brehm
Haraldur Magnus,Haraldur Magnus
Tim O'Neal,Timothy O'Neal
Steven Bowditch,Steven Bowditch
K.J. Choi,K.J. Choi
Roberto Diaz,Robert Dinwiddie
Tyler Aldridge,Tyler Aldridge
Thongchai Jaidee,Thongchai Jaidee
Scott Henry,Scott Henry
Casey Wittenberg,Casey Wittenberg
Tjaart Van der Walt,Tjaart van der Walt
Gonzalo Fernandez-Castano,Gonzalo Fernandez-Castaño
Kent Bulle,Kent Bulle
Juvic Pagunsan,Juvic Pagunsan
Dawson Armstrong,Dawson Armstrong
Adam Svensson,Adam Svensson
Brian Stuard,Brian Stuard
Rafael Cabrera-Bello,Rafa Cabrera Bello
Corey Conners,Corey Conners
Tyson  Alexander,Tyson Alexander
Sihwan Kim,Sihwan Kim
William McGirt,William McGirt
Danny Chia,Danny Chia
Scott Piercy,Scott Piercy
Prom Meesawat,Prom Meesawat
Sung Kang,Sung Kang
Daniel Chopra,Daniel Chopra
A.J. McInerney,A.J. McInerney
Victor   Perez,Victor Perez
Angelo Que,Angelo Que
Rahil Gangjee,Rahil Gangjee
Brendan Jones,Brendan Jones
Ollie Schniederjans,Ollie Schniederjans
Brian Gay,Brian Gay
D.J. Trahan,D.J. Trahan
Hugo Leon,Hugo León
Julian Suri,Julian Suri
Viktor Hovland,Viktor Hovland
Anthony Wall,Anthony Wall
Ricky Barnes,Ricky Barnes
Toby Tree,Toby Tree
Matteo Manassero,Matteo Manassero
Sung-jae Im,Sung-jae Im
Brice Garnett,Brice Garnett
Nicolai Hojgaard,Nicolai Hojgaard
Ian Poulter,Ian Poulter
George McNeill,George McNeill
Shugo Imahira,Shugo Imahira
Roger Sloan,Roger Sloan
Curtis Luck,Curtis Luck
Lee McCoy,Lee McCoy
Steven Tiley,Steven Tiley
Sang-hyun Park,Sanghyun Park
Jason Knutzon,Jason Knutzon
Hyunwoo Ryu,Hyun-woo Ryu
Stephen Allan,Stephen Gallacher
Angel Cabrera,Ángel Cabrera
Tim Herron,Tim Herron
Laurie Canter,Laurie Canter
Harry Higgs,Harry Higgs
Dylan Wu,Dylan Wu
Billy Hurley III,Billy Hurley III
Hudson Swafford,Hudson Swafford
Erik Van Rooyen,Erik van Rooyen
Paul Dunne,Paul Dunne
Andrew Loupe,Andrew Loupe
Brandon Stone,Brandon Stone
Robert Dinwiddie,Robert Dinwiddie
Geoff Ogilvy,Geoff Ogilvy
Kiradech Aphibarnrat,Kiradech Aphibarnrat
Scott Harvey,Scott Harrington
Raphael Jacquelin,Raphael Jacquelin
Nick Watney,Nick Watney
Hideto Tanihara,Hideto Tanihara
Thomas Detry,Thomas Detry
Cormac Sharvin,Cormac Sharvin
Jon Rahm,Jon Rahm
Scott Strohmeyer,Scott Strohmeyer
Kyle Reifers,Kyle Reifers
Josh Teater,Josh Teater
Jake McLeod,Jake McLeod
Thitiphun Chuayprakong,Thitiphun Chuayprakong
David Drysdale,David Drysdale
Merrick Bremner,Merrick Bremner
Richard Green,Richard Green
Jens Dantorp,Jens Dantorp
Matthew NeSmith,Matthew NeSmith
Adam Hadwin,Adam Hadwin
Greg Chalmers,Greg Chalmers
Dicky Pride,Dicky Pride
Charley Hoffman,Charley Hoffman
Miguel Tabuena,Miguel Tabuena
Jason Caron,Jason Froneman
Brian Harman,Brian Harman
Gregory Havret,Grégory Havret
Shiv Kapur,Shiv Kapur
Matt Hill,Matt Gilchrest
Tommy Fleetwood,Tommy Fleetwood
Seth Reeves,Seth Reeves
Tony Finau,Tony Finau
Rod Perry,Cameron Percy
John Daly,John Mallinger
Marcelo Rozo,Marcelo Rozo
Martin Piller,Martin Piller
George Cunningham,George Cunningham
Joey Garber,Joey Garber
Justin Rose,Justin Rose
Rory Sabbatini,Rory Sabbatini
Tag Ridings,Tag Ridings
Jake Knapp,Jake Knapp
Jared du Toit,Jared du Toit
Martin Laird,Martin Laird
Scott Hend,Scott Hend
Scottie Scheffler,Scottie Scheffler
Zach J. Johnson,Zach Johnson
TOMOHARU OTSUKI,Tomoharu Otsuki
Bryson DeChambeau,Bryson DeChambeau
Adam Bland,Adam Bland
Conrad Shindler,Conrad Shindler
Masahiro Kawamura,Masahiro Kawamura
Ho Sung Choi,Ho Sung Choi
Boo Weekley,Boo Weekley
Brett Drewitt,Brett Drewitt
Robert Streb,Robert Streb
Harris English,Harris English
Andrew Landry,Andrew Landry
Michael Hebert,Michael Hebert
Jason Day,Jason Day
Dean Burmester,Dean Burmester
John Senden,John Senden
Ryan Ruffels,Ryan Ruffels
Robert Macintyre,Robert MacIntyre
Nino Bertasio,Nino Bertasio
Oliver Wilson,Oliver Wilson
Chez Reavie,Chez Reavie
Brent Grant,Brett Rankin
Lucas Herbert,Lucas Herbert
Richard Jung,Richard Jung
Chris Paisley,Chris Paisley
Thomas Bjorn,Thomas Bjørn
Yongjun Bae,Kyongjun Moon
Jimmy Walker,Jimmy Walker
Robert Gamez,Robert Garrigus
Byeong-Hun An,Byeong-Hun An
Cameron Percy,Cameron Percy
Kyle Thompson,Kyle Thompson
Andrew Putnam,Andrew Putnam
Luke Guthrie,Luke Guthrie
Julien Quesne,Julien Quesne
Matthias Schwab,Matthias Schwab
Eric Axley,Eric Axley
Ryan Palmer,Ryan Palmer
Scott Jamieson,Scott Jamieson
Richard Bland,Richard Bland
Tyler Ota,Tyler Aldridge
Alex Prugh,Alex Prugh
Cory Schneider,Marcel Schneider
Zander Lombard,Zander Lombard
Xin-Jun Zhang,Xin-Jun Zhang
Jim Renner,Jim Renner
Richard T. Lee,Richard Lee
Soomin Lee,Soomin Lee
Talor Gooch,Talor Gooch
Brooks Koepka,Brooks Koepka
Stephen Gallacher,Stephen Gallacher
Austin Smotherman,Austin Smotherman
Ricardo Gouveia,Ricardo Gouveia
Jim Furyk,Jim Furyk
Chinnarat Phadungsil,Chinnarat Phadungsil
Rod Pampling,Rod Pampling
Jerry Kelly,Jerry Kelly
Doug Ghim,Doug Ghim
Rhys Enoch,Rhys Enoch
Henrik Stenson,Henrik Stenson
Charles Howell III,Charles Howell III
Davis Love III,Davis Love III
Robert Allenby,Robert Allenby
Ryan McCarthy,Dan McCarthy
Daniel Brooks,Daniel Brooks
Fred Couples,Fred Couples
Nick Hardy,Nick Hardy
David Hearn,David Hearn
Ben Kohles,Ben Kohles
Dong Seop Maeng,Dong Seop Maeng
Vince Covello,Vince Covello
Bobby Wyatt,Bobby Wyatt
Matthieu Pavon,Matthieu Pavon
Wade Ormsby,Wade Ormsby
T.J. Vogel,T.J. Vogel
Jonas Blixt,Jonas Blixt
Maverick McNealy,Maverick McNealy
Oliver Goss,Oliver Goss
James Robinson,James Robinson
Brendan Steele,Brendan Steele
Hyung-joon Lee,Kyoung-Hoon Lee
Zach Johnson,Zach Johnson
Toru Nakajima,Toru Nakajima
Trey Mullinax,Trey Mullinax
Chris Wood,Chris Wood
Rikuya Hoshino,Rikuya Hoshino
Andrew Wilson,Andrew Wilson
Kristoffer Broberg,Kristoffer Broberg
Shaun Norris,Shaun Norris
Lee Slattery,Lee Slattery
Vijay Singh,Vijay Singh
Daisuke Kataoka,Daisuke Kataoka
Jamie Donaldson,Jamie Donaldson
Ryuko Tokimatsu,Ryuko Tokimatsu
Ben Leong,Ben Leong
Kevin Kisner,Kevin Kisner
David Horsey,David Horsey
Eduardo De La Riva,Eduardo De La Riva
Ross Fisher,Ross Fisher
Chris Thompson,Chris Thompson
Philip Eriksson,Philip Eriksson
J.J. Spaun,J.J. Spaun
Carlos Pigem,Carlos Pigem
Ben Crane,Ben Crane
Craig Lee,Craig Lee
Max Greyserman,Max Greyserman
Adam Scott,Adam Scott
Paul Casey,Paul Casey
Michael Block,Michael Lorenzo-Vera
Byron Meth,Byron Meth
Smylie Kaufman,Smylie Kaufman
Andrew Dodt,Andrew Dodt
Steve Wheatcroft,Steve Wheatcroft
Brett Coletta,Brett Coletta
Rikard Karlberg,Rikard Karlberg
Cody Gribble,Cody Gribble
Zack Fischer,Zack Fischer
Collin Morikawa,Collin Morikawa
Hunter Mahan,Hunter Mahan
Andrew Dorn,Andrew Landry
Hideki Matsuyama,Hideki Matsuyama
Matthew Fitzpatrick,Matthew Fitzpatrick
Stewart Hagestad,Stewart Hagestad
Sebastian Vazquez,Sebastián Vázquez
Davis Thompson,Curtis Thompson
Steve Stricker,Steve Stricker
Jaco Ahlers,Jaco Ahlers
Jim Knous,Jim Knous
Rhein Gibson,Rhein Gibson
JT Poston,JT Poston
Kramer Hickok,Kramer Hickok
Andrew Yun,Andrew Yun
Matthias Schmid,Matthias Schwab
Stuart Appleby,Stuart Appleby
Alfie Plant,Alfie Plant
Jason Kokrak,Jason Kokrak
Darren Fichardt,Darren Fichardt
Seungsu Han,Seungsu Han
Paul Peterson,Paul Peterson
Wei-chih Lu,Lu Wei-chih
Albin Choi,Albin Choi
Jim Herman,Jim Herman
Ryan Yip,Ryan Yip
Danny Willett,Danny Willett
Eddie Pepperell,Eddie Pepperell
Cameron Champ,Cameron Champ
Joaquin Niemann,Joaquin Niemann
Anthony Paolucci,Anthony Paolucci
Cameron Young,Cameron Tringale
Garrick Porteous,Garrick Porteous
Keith Horne,Keith Horne
Matt  Wallace,Matt Wallace
Mark Mulder,Mark Anderson
Tyler Hall,Tyler Aldridge
Joseph Deraney,Joseph Dean
Michael Blair,Michael Arnaud
C.T. Pan,C.T. Pan
Sung Joon Park,Sung Joon Park
Donny Lee,Danny Lee
Armando Favela,Armando Favela
Drew Nesbitt,Drew Nesbitt
Jon Curran,Jon Curran
Florian Fritsch,Florian Fritsch
Lanto Griffin,Lanto Griffin
Chip McDaniel,Chip McDaniel
Cameron Tringale,Cameron Tringale
Jordan L. Smith,Jordan L Smith
Yi Cao,Yi Cao
Chapchai Nirat,Chapchai Nirat
Pablo Larrazabal,Pablo Larrazabal
Prayad Marksaeng,Prayad Marksaeng
Poom Saksansin,Poom Saksansin
Henry Chung,Sydney Chung
Alejandro Canizares,Alejandro Cañizares
Lucas Bjerregaard,Lucas Bjerregaard
Scott Stallings,Scott Stallings
Alexander Bjork,Alexander Noren
Scott Harrington,Scott Harrington
Cameron Smith,Cameron Smith
Chad Collins,Chad Collins
Nick Taylor,Nick Taylor
Peter Williamson,Peter Wilson
Craig Barlow,Craig Barlow
Michael Hopper,Michael Hebert
Luke Donald,Luke Donald
Mikko Ilonen,Mikko Ilonen
Troy Merritt,Troy Merritt
Michael Hendry,Michael Hebert
Yuta Ikeda,Yuta Ikeda
Austen Truslow,Austen Truslow
Austin Cook,Austin Cook
Jbe Kruger,Jbe' Kruger
Rob Oppenheim,Rob Oppenheim
Stuart Manley,Stuart Manley
Sean Crocker,Sean Crocker
Patrick Reed,Patrick Reed
Benjamin Hebert,Benjamin Hebert
Chan Kim,Chan Kim
Phachara Khongwatmai,Phachara Khongwatmai
Jung-Gon Hwang,Jung-gon Hwang
Nicolas Colsaerts,Nicolas Colsaerts
Thomas Pieters,Thomas Pieters
Bryce Molder,Bryce Molder
Carter Page,Carter Jenkins
Phil Mickelson,Phil Mickelson
Richard McEvoy,Richard McEvoy
Andres Gonzales,Andres Gonzales
Kyle Stanley,Kyle Stanley
Chris Evans,Chris Paisley
Max Homa,Max Homa
Tim Wilkinson,Tim Wilkinson
Greyson Sigg,Greyson Sigg
Bryce Easton,Bryce Easton
Daniel Im,Daniel Im
Ryan Armour,Ryan Armour
Michael Perras,Michael Perras
Brendon Todd,Brendon Todd
Dawie Van Der Walt,Tjaart van der Walt
Zach Wright,Zach Wright
Dimi Papadatos,Dimi Papadatos
Matthew Millar,Matthew Millar
Nick Dougherty,Kevin Dougherty
Joel Dahmen,Joel Dahmen
Stuart Deane,Stuart Manley
Chris Crawford,Cory Crawford
Derek Ernst,Derek Ernst
Berry Henson,Berry Henson
Ryan Evans,Ryan Evans
Alex Cejka,Alex Cejka
Ben Martin,Ben Martin
Felipe Aguilar,Felipe Aguilar
Kurt Kitayama,Kurt Kitayama
Steve Scott,Steve Stricker
John Merrick,John Merrick
Chris Naegel,Chris Naegel
Derek Fathauer,Derek Fathauer
Stewart Cink,Stewart Cink
Roope Kakko,Roope Kakko
JJ Wood,Tiger Woods
Peter Jones,Peter Tomasulo
Matt Harmon,Matt Harmon
Harry Hall,Harry Hall
Tom Hoge,Tom Hoge
Jinho Choi,Jinho Choi
Abraham Ancer,Abraham Ancer
Marcus Kinhult,Marcus Kinhult
J.B. Holmes,J.B. Holmes
Richy Werenski,Richy Werenski
Scott Brown,Scott Brown
Justin Suh,Justin Hicks
Charl Schwartzel,Charl Schwartzel
Kevin Na,Kevin Na
Blayne Barber,Blayne Barber
John Huh,John Huh
Brandon Hagy,Brandon Hagy
Yuki Inamori,Yuki Inamori
Ryan Moore,Ryan Moore
Joost Luiten,Joost Luiten
Charlie Wi,Charlie Wi
Adri Arnaus,Adri Arnaus
Kristoffer Ventura,Kristoffer Ventura
Callum Tarren,Callum Tarren
Rich Beem,Merrick Bremner
Justin Leonard,Justin Leonard
Chase Koepka,Chase Koepka
Oscar Fraustro,Oscar Fraustro
Retief Goosen,Retief Goosen
Jacques Blaauw,Jacques Blaauw
Dylan Meyer,Dylan Meyer
Kyle Jones,Kyle Jones
Justin Walters,Justin Walters
Jonathan Randolph,Jonathan Randolph
Kelly Kraft,Kelly Kraft
Matthew Short,Matthew Southgate
Callum Shinkwin,Callum Shinkwin
Jean Hugo,Jean Hugo
Colt Knost,Colt Knost
Nick McCarthy,Nick McCarthy
Lee Hodges,Lee Hodges
Padraig Harrington,Padraig Harrington
Jonathan Byrd,Jonathan Byrd
Kevin Dougherty,Kevin Dougherty
Doc Redman,Doc Redman
George Coetzee,George Coetzee
John Chin,John Chin
Neil Schietekat,Neil Schietekat
Brendon de Jonge,Brendon de Jonge
Paul Waring,Paul Waring
Yusaku Miyazato,Yusaku Miyazato
Roberto Castro,Roberto Castro
D.A. Points,D.A. Points
Francesco Molinari,Francesco Molinari
Siddikur Rahman,Siddikur Rahman
Martin Trainer,Martin Trainer
Xander Schauffele,Xander Schauffele
Daniel Kim,Daniel Mazziotta
Denny McCarthy,Denny McCarthy
Jason Norris,Jason Norris
James Hahn,James Hahn
Luke List,Luke List
Cheng Jin,Cheng Jin
Kyongjun Moon,Kyongjun Moon
Russell Knox,Russell Knox
Renato Paratore,Renato Paratore
Henrik Norlander,Henrik Norlander
Sean McCarty,Dan McCarthy
Mikumu Horikawa,Mikumu Horikawa
Keith Mitchell,Keith Mitchell
Will Zalatoris,Will Zalatoris
Marcus Armitage,Marcus Armitage
Michael Gligic,Michael Gligic
Mito Pereira,Mito Pereira
Jeongwoo Ham,Jeongwoo Ham
Michael Kim,Michael Kim
Ryan Williams,Ryan Williams
Javier Colomo,Javier Colomo
David Lipsky,David Lipsky
Nacho Elvira,Ignacio Elvira Mijares
Trevor Fisher,Trevor Fisher Jr
Jhonattan Vegas,Jhonattan Vegas
Fabrizio Zanotti,Fabrizio Zanotti
Marc Warren,Marc Warren
"Ted Potter, Jr.","Ted Potter, Jr."
Jeunghun Wang,Jeunghun Wang
Sebastian Cappelen,Sebastian Cappelen
Tomoyo Ikemura,Tomoyo Ikemura
Sean O'Hair,Sean O'Hair
Richie Ramsay,Richie Ramsay
Ernie Els,Ernie Els
Hyung-Sung Kim,Hyung-Sung Kim
Connor Arendell,Connor Arendell
Daniel Nisbet,Daniel Nisbet
Ben Evans,Ben Evans
Johnson Wagner,Johnson Wagner
TAE HEE LEE,Tae Hee Lee
Bill Haas,Bill Haas
Thomas Aiken,Thomas Aiken
Matthew Baldwin,Matthew Baldwin
Bo Van Pelt,Bo Van Pelt
Michael  Johnson,Michael Jonzon
Brett Rumford,Brett Rumford
Giwhan Kim,Gi-Whan Kim
Shota Akiyoshi,Shota Akiyoshi
Simon Khan,Simon Khan
Carl Pettersson,Carl Pettersson
Beau Hossler,Beau Hossler
Jeff Overton,Jeff Overton
Romain Langasque,Romain Langasque
Rashid Khan,Rashid Khan
Jeff Gove,Jeff Gove
Y.E. Yang,Y.E. Yang
Mark Brooks,Mark Brown
Grayson Murray,Grayson Murray
Jimmy Stanger,Jimmy Stanger
David Hronek,David Howell
Rhys Davies,Rhys Davies
Steven Alker,Steven Alker
Will MacKenzie,Will MacKenzie
Andrea Pavan,Andrea Pavan
Michael Hoey,Michael Hoey
Michael Thompson,Michael Thompson
Shubhankar Sharma,Shubhankar Sharma
Jorge Campillo,Jorge Campillo
Wesley Bryan,Wesley Bryan
Trevor Immelman,Trevor Immelman
Jordan Niebrugge,Jordan Niebrugge
Nate Lashley,Nate Lashley
Thomas Linard,Thomas Linard
Rafael Campos,Rafael Campos
Lasse Jensen,Lasse Jensen
Patrick Cantlay,Patrick Cantlay
Scott Hebert,Scott Henry
Tyler McCumber,Tyler McCumber
Lee Westwood,Lee Westwood
Derek Barron,Derek Barron
Tom Lovelady,Tom Lovelady
Paul Barjon,Paul Barjon
Oliver Bekker,Oliver Bekker
Brandt Snedeker,Brandt Snedeker
Andrew Johnston,Andrew Johnston
Robert Karlsson,Robert Karlsson
Bronson Burgoon,Bronson Burgoon
Nicholas Fung,Nicholas Fung
Brady Schnell,Brady Schnell
Aaron Wise,Aaron Wise
Mike Miller,M Miller
Bud Cauley,Bud Cauley
Graeme McDowell,Graeme McDowell
Sam Fidone,Sam Fidone
Tom Whitney,Tom Whitney
Bernd Ritthammer,Bernard Ritthammer
Shane Lowry,Shane Lowry
Nicholas Thompson,Nicholas Thompson
Ethan Tracy,Ethan Tracy
Devin Gee,Kevin Lee
Daniel Balin,Daniel Gaunt
Bo Hoag,Bo Hoag
Marc Leishman,Marc Leishman
Alvaro Quiros,Alvaro Quiros
Jyoti Randhawa,Jyoti Randhawa
Ben Taylor,Ben Taylor
Nelson Ledesma,Nelson Ledesma
Will Gordon,Will Gordon
Justin Thomas,Justin Thomas
Brett Munson,Brett Munson
Rickie Fowler,Rickie Fowler
Si Woo Kim,Si Woo Kim
Carter Jenkins,Carter Jenkins
Ryan Fox,Ryan Fox
VINCENT WHALEY,Vincent Whaley
Nathan Holman,Nathan Holman
Marcus Fraser,Marcus Fraser
Damien Perrier,Damien Perrier
Danthai Boonma,Danthai Boonma
Bernhard Langer,Bernhard Langer
Jamie Broce,Jamie Lovemark
John Peterson,John Peterson
David Howell,David Howell
Robby Shelton,Robby Shelton
Luca Cianchetti,Luca Cianchetti
Chase Seiffert,Chase Seiffert
Craig Bowden,Craig Howie
Alexander Noren,Alexander Noren
Andrew McArthur,Andrew McArthur
Patton Kizzire,Patton Kizzire
Jinichiro Kozuma,Jinichiro Kozuma
Richard Sterne,Richard Sterne
Patrick Rodgers,Patrick Rodgers
Scott Langley,Scott Langley
David Lingmerth,David Lingmerth
Steve Marino,Steve Marino
Satoshi Kodaira,Satoshi Kodaira
Brian Mackey,Brian Richey
Daniel Berger,Daniel Berger
Younghan Song,Young-han Song
John Oda,John Oda
Peter Malnati,Peter Malnati
Gaganjeet Bhullar,Gaganjeet Bhullar
Tommy Gainey,Tommy Gainey
Dylan Frittelli,Dylan Frittelli
Harold Varner III,Harold Varner III
Matt Every,Matt Every
Nick Flanagan,Nick Flanagan
Magnus A Carlsson,Magnus Carlsson
Andres Romero,Andres Romero
Andy Sullivan,Andy Sullivan
Chris Nido,Chris Doak
Ben Kern,Ben Leong
Daniel Summerhays,Daniel Summerhays
Ben Griffin,Ben Griffin
James Allenby,James Allan
Charlie Danielson,Charlie Danielson
Edoardo Molinari,Edoardo Molinari
Austin Connelly,Austin Connelly
Chase Wright,Chase Wright
Chesson Hadley,Chesson Hadley
Jazz Janewattananond,Jazz Janewattananond
Jordan Zunic,Jordan Zunic
Ben Cook,Austin Cook
Jason Scrivener,Jason Scrivener
Yan-Wei Liu,Yanwei Liu
Shawn Warren,Justin Warren
Miguel Angel Carballo,Miguel Angel Carballo
Branden Grace,Branden Grace
Mark O'Meara,Mark O'Meara
Anirban Lahiri,Anirban Lahiri
Michael Putnam,Michael Putnam
Ashley Hall,Ashley Hall
Anders Albertson,Anders Albertson
Gregory Bourdy,Grégory Bourdy
Russell Henley,Russell Henley
Ryan Blaum,Ryan Blaum
Hiroshi Iwata,Hiroshi Iwata
Kristoffer Reitan,Kristoffer Reitan
Rico Hoey,Rico Hoey
Mark Anderson,Mark Anderson
Chun An Yu,Chun-an Yu
Zack Sucher,Zack Sucher
Mark Wilson,Mark Wilson
Thanyakon Khrongpha,Thanyakorn Khrongpha
Yikeun Chang,Yi Keun Chang
Robert Garrigus,Robert Garrigus
John Rollins,John Mallinger
Stephan Jaeger,Stephan Jaeger
Darren Clarke,Darren Clarke
Mathew Goggin,Mathew Goggin
Soren Kjeldsen,Søren Kjeldsen
Camilo Villegas,Camilo Villegas
Vaughn Taylor,Vaughn Taylor
David Toms,David Toms
Kevin Tway,Kevin Tway
Gary Woodland,Gary Woodland
Hank Lebioda,Hank Lebioda
Chris Kirk,Chris Kirk
Chiragh Kumar,Chiragh Kumar
Mardan Mamat,Mardan Mamat
Pat Perez,Pat Perez
Cameron Davis,Cameron Davis
Ryo Ishikawa,Ryo Ishikawa
Jonathan Garrick,Jonathan Garrick
Jordan Spieth,Jordan Spieth
Oliver Fisher,Oliver Fisher
Webb Simpson,Webb Simpson
Brian Davis,Brian Davis
Takumi Kanaya,Takumi Kanaya
Davis Riley,Davis Riley
Alexander Levy,Alexander Levy
Johan Carlsson,Johan Carlsson
Pelle Edberg,Pelle Edberg
Hao-Tong Li,Haotong Li
Chris Smith,Chris Thompson
Seunghyuk  Kim,Seunghyuk Kim
Grant Hirschman,Grant Hirschman
Andreas Halvorsen,Andreas Halvorsen
Joseph Bramlett,Joseph Bramlett
Dustin Johnson,Dustin Johnson
Danny Lee,Danny Lee
Lionel Weber,Lionel Weber
Aaron Rai,Aaron Rai
Sang-Moon Bae,Sangmoon Bae
Kevin Streelman,Kevin Streelman
Matt Kuchar,Matt Kuchar
Tyrrell Hatton,Tyrrell Hatton
Whee Kim,Whee Kim
Connor Syme,Connor Syme
Richard S. Johnson,Richard Johnson
Emiliano Grillo,Emiliano Grillo
Ewen Ferguson,Ewen Ferguson
Morgan Hoffmann,Morgan Hoffmann
Mithun Perera,Mithun Perera
Matthew Wolff,Matthew Wolff
Masanori Kobayashi,Masanori Kobayashi
Jason Gore,Jason Gore
Chris Baker,Chris Baker
Sebastien Gros,Sebastien Gros
Wen-tang Lin,Wen-Tang Lin
Adilson Da Silva,Adilson da Silva
Arjun Atwal,Arjun Atwal
Jason Dufner,Jason Dufner
Nicholas Lindheim,Nicholas Lindheim
Johnny Ruiz,Johnny Ruiz
Sam Burns,Sam Burns
Tatsuya Kodai,Tatsuya Kodai
Brett Stegmaier,Brett Stegmaier
Shane Bertsch,Shane Bertsch
Brian Campbell,Brian Campbell
Adrian Otaegui,Adrian Otaegui
YOSHINORI FUJIMOTO,Yoshinori Fujimoto
Taylor Moore,Taylor Moore
Kodai Ichihara,Kodai Ichihara
Bubba Watson,Bubba Watson
Bernd Wiesberger,Bernd Wiesberger
Chris Stroud,Chris Stroud
Mikko Korhonen,Mikko Korhonen
Peter Hanson,Peter Hanson
Shiv Chawrasia,SSP Chawrasia
Chris Gilley,Chris Paisley
Mark Foster,Mark Foster
Doyeob Mun,Doyeob Mun
Rory McIlroy,Rory McIlroy
Greg Owen,Greg Owen
Gyu Min Lee,Seungyun Lee
John Catlin,John Catlin
Kevin Chappell,Kevin Chappell
Julian Etulain,Julián Etulain
Hui-Lin Zhang,Huilin Zhang
Carlos Ortiz,Carlos Ortiz
Aaron Baddeley,Aaron Baddeley
Justin Harding,Justin Harding
Jason Bohn,Jason Bohn
Brad Miller,Brad Elder
Brandon Wu,Brandon Wu
Clement Sordet,Clément Sordet
Mark Hubbard,Mark Hubbard
Chris Moody,Chris Wood
Wes Roach,Wes Roach
Chris Hanson,Chris Hanson
Antonio Lascuna,Antonio Lascuna
Paul Lawrie,Paul Lawrie
Seamus Power,Seamus Power
Scott Vincent,Scott Vincent
JC Ritchie,JC Ritchie
Wonjoon Lee,Wonjoon Lee
Christiaan Bezuidenhout,Christiaan Bezuidenhout
Duncan Stewart,Duncan Stewart
Will Wilcox,Will Wilcox
Brian Norman,Brian Harman
James Morrison,James Morrison
Mike Lorenzo-Vera,Michael Lorenzo-Vera
Troy Kelly,Jerry Kelly
Grant Forrest,Grant Forrest
Lucas Glover,Lucas Glover
Martin Flores,Martin Flores
Rick Lamb,Rick Lamb
Matt Atkins,Matt Atkins
Martin Kaymer,Martin Kaymer
Spencer Levin,Spencer Levin
Keegan Bradley,Keegan Bradley
Sergio Garcia,Sergio Garcia
Brandon Harkins,Brandon Harkins
Alex Kang,Alex Kang
Mackenzie Hughes,Mackenzie Hughes
Graeme Storm,Graeme Storm
Charlie Beljan,Charlie Beljan
Sepp Straka,Sepp Straka
David Bransdon,David Bransdon
Tyrone Van Aswegen,Tyrone Van Aswegen
Tyler Duncan,Tyler Duncan
PATRICK FLAVIN,Patrick Flavin
Shih-chang Chan,Chan Shih-chang
Jose de Jesus Rodriguez,José de Jesús Rodríguez
Fabian Gomez,Fabián Gómez
Miguel Jimenez,Miguel Angel Jiménez
Wen-Chong Liang,Wen-Tang Lin
Augusto Nunez,Augusto Núñez
David Lawrence,David Law
Sebastian Munoz,Sebastián Muñoz
Benjamin Silverman,Ben Silverman
